INSERT INTO TIPO_DOC VALUES ("CEDULA DE CIUDADANIA",1),("TARJETA DE IDENTIDAD",1),("CEDULA DE EXTRANGERIA",1);

INSERT INTO ROL VALUES ("EMPLEADO",1),("CLIENTE",1),("ADMINISTRADOR",1);

INSERT INTO ESTADO_DOMICILIO VALUES ("ENTREGADO",1),("EN ESPERA",1),("CANCELADO",1);

INSERT INTO TAMAÑO VALUES ("PEQUEÑA",1),("MEDIANA",1),("GRANDE",1),("FAMILIAR",1),("EXTRA GRANDE",1),("250 ML",1),("350 ML",1),("500 ML",1),("1 LT",1),("1.25 LT",1),("2.5 LT",1),("UNICO",1);

INSERT INTO TIPO_PRODUCTO VALUES ("PIZZA",1),("BEBIDA",1),("PASTA",1),("ENSALADA",1),("ACOMPAÑANTE",1);

INSERT INTO PIZZERIA VALUES (801145012,"PIZZERIA ABUELA","CALLE FALSA 13-31",4008887,3105320621,"FOTO_P_ABUELA.JPG");

/*------------------------------------------------------------INSERTANDO-PRODUCTOS---------------------------------------------------------------------*/

          /*--------------------------------- -----------------INSERTANDO-PIZZAS--------------------------------------------------------*/

INSERT INTO PRODUCTO VALUES
	(1,"PIZZA HAWAIANA","PIZZA QUE CONTIENE UNA BASE DE QUESO FUNDIDO Y TOMATE QUE SE ALIÑAN CON JAMÓN Y PIÑA","HAWAIANAPEQ.JPG",NULL,NULL,NULL,"PIZZA","PEQUEÑA",15000),
	(2,"PIZZA HAWAIANA","PIZZA QUE CONTIENE UNA BASE DE QUESO FUNDIDO Y TOMATE QUE SE ALIÑAN CON JAMÓN Y PIÑA","HAWAIANAMED.JPG",NULL,NULL,NULL,"PIZZA","MEDIANA",22000),
	(3,"PIZZA HAWAIANA","PIZZA QUE CONTIENE UNA BASE DE QUESO FUNDIDO Y TOMATE QUE SE ALIÑAN CON JAMÓN Y PIÑA","HAWAIANAGRANDE.JPG",NULL,NULL,NULL,"PIZZA","GRANDE",27000),
	(4,"PIZZA HAWAIANA","PIZZA QUE CONTIENE UNA BASE DE QUESO FUNDIDO Y TOMATE QUE SE ALIÑAN CON JAMÓN Y PIÑA","HAWAIANAFAMILIAR.JPG",NULL,NULL,NULL,"PIZZA","FAMILIAR",32000),
	(5,"PIZZA HAWAIANA","PIZZA QUE CONTIENE UNA BASE DE QUESO FUNDIDO Y TOMATE QUE SE ALIÑAN CON JAMÓN Y PIÑA","HAWAIANAEXTRAGRANDE.JPG",NULL,NULL,NULL,"PIZZA","EXTRA GRANDE",40000);
/*--------------------------------------------------------------------------------------------------------------------------------------------------*/
INSERT INTO PRODUCTO VALUES
	(6,"PIZZA PEPPERONI","PIZZA QUE CONTIENE PEPPERONI","PEPPERONIPEQUE.JPG", NULL,NULL,NULL,"PIZZA","PEQUEÑA",15000),
	(7,"PIZZA PEPPERONI","PIZZA QUE CONTIENE PEPPERONI","PEPPERONIMEDIANA.JPG", NULL,NULL,NULL,"PIZZA","MEDIANA",22000),
	(8,"PIZZA PEPPERONI","PIZZA QUE CONTIENE PEPPERONI","PEPPERONIGRANDE.JPG", NULL,NULL,NULL,"PIZZA","GRANDE",27000),
	(9,"PIZZA PEPPERONI","PIZZA QUE CONTIENE PEPPERONI","PEPPERONIFAMILAIR.JPG", NULL,NULL,NULL,"PIZZA","FAMILIAR",32000),
	(10,"PIZZA PEPPERONI","PIZZA QUE CONTIENE PEPPERONI","PEPPERONIEXTRAGRANDE.JPG", NULL,NULL,NULL,"PIZZA","EXTRA GRANDE",40000);
/*--------------------------------------------------------------------------------------------------------------------------------------------------*/
INSERT INTO PRODUCTO VALUES
	(11,"PIZZA MEXICANA","PIZZA QUE CONTIENE TOMATE, FRIJOLES, JALAPEÑOS, CARNE PICADA Y QUESO CHEDDAR","MEXICANAPEQUENIA.JPG", NULL,NULL,NULL,"PIZZA","PEQUEÑA",15000),
	(12,"PIZZA MEXICANA","PIZZA QUE CONTIENE TOMATE, FRIJOLES, JALAPEÑOS, CARNE PICADA Y QUESO CHEDDAR","MEXICANAMEDIANA.JPG", NULL,NULL,NULL,"PIZZA","MEDIANA",22000),
	(13,"PIZZA MEXICANA","PIZZA QUE CONTIENE TOMATE, FRIJOLES, JALAPEÑOS, CARNE PICADA Y QUESO CHEDDAR","MEXICANAGRANDE.JPG", NULL,NULL,NULL,"PIZZA","GRANDE",27000),
	(14,"PIZZA MEXICANA","PIZZA QUE CONTIENE TOMATE, FRIJOLES, JALAPEÑOS, CARNE PICADA Y QUESO CHEDDAR","MEXICANAFAMILIAR.JPG", NULL,NULL,NULL,"PIZZA","FAMILIAR",32000),
	(15,"PIZZA MEXICANA","PIZZA QUE CONTIENE TOMATE, FRIJOLES, JALAPEÑOS, CARNE PICADA Y QUESO CHEDDAR","MEXICANAEXTRAGRANDE.JPG", NULL,NULL,NULL,"PIZZA","EXTRA GRANDE",40000);
/*--------------------------------------------------------------------------------------------------------------------------------------------------*/
INSERT INTO PRODUCTO VALUES
	(16,"PIZZA QUESO","DELICIOSA Y JUGOSA PIZZA REPLETA DE TUS QUESOS FAVORITOS","PIZZAQUESOPEQUENIA.JPG", NULL,NULL,NULL,"PIZZA","PEQUEÑA",15000),
	(17,"PIZZA QUESO","DELICIOSA Y JUGOSA PIZZA REPLETA DE TUS QUESOS FAVORITOS","PIZZAQUESOMEDIANA.JPG", NULL,NULL,NULL,"PIZZA","MEDIANA",22000),
	(18,"PIZZA QUESO","DELICIOSA Y JUGOSA PIZZA REPLETA DE TUS QUESOS FAVORITOS","PIZZAQUESOGRANDE.JPG", NULL,NULL,NULL,"PIZZA","GRANDE",27000),
	(19,"PIZZA QUESO","DELICIOSA Y JUGOSA PIZZA REPLETA DE TUS QUESOS FAVORITOS","PIZZAQUESOFAMILIAR.JPG", NULL,NULL,NULL,"PIZZA","FAMILIAR",32000),
	(20,"PIZZA QUESO","DELICIOSA Y JUGOSA PIZZA REPLETA DE TUS QUESOS FAVORITOS","PIZZAQUESOEXTRAGRANDE.JPG", NULL,NULL,NULL,"PIZZA","EXTRA GRANDE",40000);
/*--------------------------------------------------------------------------------------------------------------------------------------------------*/
INSERT INTO PRODUCTO VALUES
	(21,"PIZZA CHAMPIÑONES","DELICIOSA Y JUGOSA PIZZA REPLETA DE TUS CHAMPIÑONES FAVORITOS","CHAMPINIONESPEQUEÑA.JPG",NULL,NULL,NULL,"PIZZA","PEQUEÑA",15000),
	(22,"PIZZA CHAMPIÑONES","DELICIOSA Y JUGOSA PIZZA REPLETA DE TUS CHAMPIÑONES FAVORITOS","CHAMPINIONESMEDIANA.JPG",NULL,NULL,NULL,"PIZZA","MEDIANA",22000),
	(23,"PIZZA CHAMPIÑONES","DELICIOSA Y JUGOSA PIZZA REPLETA DE TUS CHAMPIÑONES FAVORITOS","CHAMPINIONESGRANDE.JPG",NULL,NULL,NULL,"PIZZA","GRANDE",27000),
	(24,"PIZZA CHAMPIÑONES","DELICIOSA Y JUGOSA PIZZA REPLETA DE TUS CHAMPIÑONES FAVORITOS","CHAMPINIONESFAMILIAR.JPG",NULL,NULL,NULL,"PIZZA","FAMILIAR",32000),
	(25,"PIZZA CHAMPIÑONES","DELICIOSA Y JUGOSA PIZZA REPLETA DE TUS CHAMPIÑONES FAVORITOS","CHAMPINIONESEXTRAGRANDE.JPG",NULL,NULL,NULL,"PIZZA","EXTRA GRANDE",40000);
/*--------------------------------------------------------------------------------------------------------------------------------------------------*/
INSERT INTO PRODUCTO VALUES
	(26,"PIZZA VEGETARIANA","DELICIOSA PIZZA CON INGREDIENTES VEGETARIANOS IDEAL PARA REEMPLAZAR LA TRADICIONAL","VEGETARIANAPEQUENIA.JPG",NULL,NULL,NULL,"PIZZA","PEQUEÑA",15000),
	(27,"PIZZA VEGETARIANA","DELICIOSA PIZZA CON INGREDIENTES VEGETARIANOS IDEAL PARA REEMPLAZAR LA TRADICIONAL","VEGETARIANAMEDIANA.JPG",NULL,NULL,NULL,"PIZZA","MEDIANA",22000),
	(28,"PIZZA VEGETARIANA","DELICIOSA PIZZA CON INGREDIENTES VEGETARIANOS IDEAL PARA REEMPLAZAR LA TRADICIONAL","VEGETARIANAGRANDE.JPG",NULL,NULL,NULL,"PIZZA","GRANDE",27000),
	(29,"PIZZA VEGETARIANA","DELICIOSA PIZZA CON INGREDIENTES VEGETARIANOS IDEAL PARA REEMPLAZAR LA TRADICIONAL","VEGETARIANAFAMILIAR.JPG",NULL,NULL,NULL,"PIZZA","FAMILIAR",32000),
	(30,"PIZZA VEGETARIANA","DELICIOSA PIZZA CON INGREDIENTES VEGETARIANOS IDEAL PARA REEMPLAZAR LA TRADICIONAL","VEGETARIANAEXTRAGRANDE.JPG",NULL,NULL,NULL,"PIZZA","EXTRA GRANDE",40000);


           /*--------------------------------- -----------------INSERTANDO-BEBIDAS--------------------------------------------------------*/

INSERT INTO PRODUCTO VALUES
	(31,"COCACOLA","DELICIOSA BEBIDA COCACOLA TRADICIONAL","Cocacola250ml.JPG",20,50,30,"BEBIDA","250 ML",500),
	(32,"COCACOLA","DELICIOSA BEBIDA COCACOLA TRADICIONAL","Cocacola350ml.JPG",20,50,30,"BEBIDA","350 ML",1200),
	(33,"COCACOLA","DELICIOSA BEBIDA COCACOLA TRADICIONAL","Cocacola500ml.JPG",20,50,30,"BEBIDA","500 ML",1500),
	(34,"COCACOLA","DELICIOSA BEBIDA COCACOLA TRADICIONAL","Cocacola1l.JPG",20,50,30,"BEBIDA","1 LT",1900),
	(35,"COCACOLA","DELICIOSA BEBIDA COCACOLA TRADICIONAL","Cocacola1.5l.JPG",20,50,30,"BEBIDA","1.25 LT",2500),
	(36,"COCACOLA","DELICIOSA BEBIDA COCACOLA TRADICIONAL","Cocacola2.5l.JPG",20,50,30,"BEBIDA","2.5 LT",3000);
/*--------------------------------------------------------------------------------------------------------------------------------------------------*/
INSERT INTO PRODUCTO VALUES
	(37,"PEPSI","DELICIOSA BEBIDA PEPSI TRADICIONAL","Pepsi250ml.JPG",20,50,30,"BEBIDA","250 ML",1100),
	(38,"PEPSI","DELICIOSA BEBIDA PEPSI TRADICIONAL","Pepsi350ml.JPG",20,50,30,"BEBIDA","350 ML",1400),
	(39,"PEPSI","DELICIOSA BEBIDA PEPSI TRADICIONAL","Pepsi500ml.JPG",20,50,30,"BEBIDA","500 ML",1800),
	(40,"PEPSI","DELICIOSA BEBIDA PEPSI TRADICIONAL","Pepsi1l.JPG",20,50,30,"BEBIDA","1 LT",2400),
	(41,"PEPSI","DELICIOSA BEBIDA PEPSI TRADICIONAL","Pepsi1.25l.JPG",20,50,30,"BEBIDA","1.25 LT",3100);
/*--------------------------------------------------------------------------------------------------------------------------------------------------*/
INSERT INTO PRODUCTO VALUES
	(43,"JUGO NARANJA","DELICIOSO JUGO NARANJA","JugoDeNaranja350ml.JPG",20,50,30,"BEBIDA","350 ML",1700),
	(45,"JUGO NARANJA","DELICIOSO JUGO NARANJA","JugoDeNaranja1l.jpg",20,50,30,"BEBIDA","1 LT",2900);


           /*--------------------------------- -----------------INSERTANDO-PASTAS--------------------------------------------------------*/
/*--------------------------------------------------------------------------------------------------------------------------------------------------*/
INSERT INTO PRODUCTO VALUES
	(46,"LASAGNA CON CARNE","PLATO QUE TIENE PASTA EN LÁMINAS INTERCALADAS CON CARNE TERNERA","lasagnaDICARNE.JPG",NULL,NULL,NULL,"PASTA","UNICO",16000);
/*--------------------------------------------------------------------------------------------------------------------------------------------------*/
INSERT INTO PRODUCTO VALUES
	(47,"LASAGNA CON POLLO","PLATO QUE TIENE PASTA EN LÁMINAS INTERCALADAS CON POLLO","LASAGNADIPOLLO.JPG",NULL,NULL,NULL,"PASTA","UNICO",16000);
/*--------------------------------------------------------------------------------------------------------------------------------------------------*/
INSERT INTO PRODUCTO VALUES
	(48,"RAVIOLI","PASTA RELLENA CON DIFERENTES INGREDIENTES","RAVIOLI.JPG",NULL,NULL,NULL,"PASTA","UNICO",10000);
/*------------------------------------------------------------------------------------------------------------------------------------------------*/
INSERT INTO PRODUCTO VALUES
	(49,"SPAGHETTI A LA BOLOGNESA","PASTA ACOMPAÑADA CON SALSA BOLOGNESA","SPAGHETTIALABOLOGNESA.JPG",NULL,NULL,NULL,"PASTA","UNICO",16000);

           /*--------------------------------- -----------------INSERTANDO-ENSALADAS--------------------------------------------------------*/

INSERT INTO PRODUCTO VALUES
	(50,"ENSALADA DE PASTA, QUESO Y ALBAHACA","ENSALADA DE PASTA, QUESO Y ALBAHACA","ENSALADADEPASTAQUESOYALBAHACA.JPG",NULL,NULL,NULL,"ENSALADA","UNICO",8000);
/*--------------------------------------------------------------------------------------------------------------------------------------------------*/
INSERT INTO PRODUCTO VALUES
	(51,"ENSALADA DE PEPINO Y YOGURT GRIEGO","ENSALADA DE PEPINO Y YOGURT GRIEGO","ENSALADAPEPINO.JPG", NULL,NULL,NULL,"ENSALADA","UNICO",8000);

           /*--------------------------------- -----------------INSERTANDO-ACOMPAÑANTES--------------------------------------------------------*/

INSERT INTO PRODUCTO VALUES
	(52,"PALITOS DE QUESO","DELICIOSO HOJALDRE SUPERRELLENO DE QUESO DOBLE CREMA Y UN TOQUE SECRETO","PALITOSDEQUESO.JPG",NULL,NULL,NULL,"ACOMPAÑANTE","UNICO",8000);

/*--------------------------------------------------------------------------------------------------------------------------------------------------*/

/*------------------------------------------------------------INSERTANDO-PERSONAS---------------------------------------------------------------------*/


       /*--------------------------------- -----------------INSERTANDO-ADMINISTRADORES--------------------------------------------------------*/

INSERT INTO PERSONA VALUES ("1033815398","JUAN","SEBASTIAN","RUIZ","CASTAÑEDA","JSRUIZ241","$2y$10$w8fUh1lLC5aeaH/C58.4yOw714GavTbQ.yN7/icOs6VZf7mlw6Liy",400889,3022608970,"MI CASA","JSRUIZ241@MISENA.EDU.CO","CEDULA DE CIUDADANIA","ADMINISTRADOR");

       /*--------------------------------- --------------------INSERTANDO-EMPLEADOS-----------------------------------------------------------*/

INSERT INTO PERSONA VALUES ("1031157939","ALBERT","HERNAN","QUINTERO","VALENCIA","AQUINTERO939","$2y$10$w8fUh1lLC5aeaH/C58.4yOw714GavTbQ.yN7/icOs6VZf7mlw6Liy",4008881,3123654823,"LA 40","AQUINTERO939@MISENA.EDU.CO","CEDULA DE EXTRANGERIA","EMPLEADO");
/*--------------------------------------------------------------------------------------------------------------------------------------------------*/
INSERT INTO PERSONA VALUES ("1031178887","JEISON","ALEXANDER","DIAZ","DAZA","JADIAZ908","$2y$10$w8fUh1lLC5aeaH/C58.4yOw714GavTbQ.yN7/icOs6VZf7mlw6Liy",4008888,3203725972,"CASA JEISON","JADIAZ908@MISENA.EDU.CO","CEDULA DE CIUDADANIA","EMPLEADO");

       /*--------------------------------- --------------------INSERTANDO-CLIENTES-----------------------------------------------------------*/

INSERT INTO PERSONA VALUES ("9900000001","FERNANDO","JOSE","PRADA","OTERO","PRADA6","$2y$10$w8fUh1lLC5aeaH/C58.4yOw714GavTbQ.yN7/icOs6VZf7mlw6Liy",4008882,3102878826,"CASA FERNANDO","PRADA6@MISENA.EDU.CO","CEDULA DE CIUDADANIA","CLIENTE");

/*--------------------------------------------------------------------------------------------------------------------------------------------------*/
INSERT INTO PERSONA VALUES ("1014304616","JULIANA","GERALDIN","GARCIA","CORREDOR","JGGARCIA176","$2y$10$w8fUh1lLC5aeaH/C58.4yOw714GavTbQ.yN7/icOs6VZf7mlw6Liy",4008888,3157301391,"CASA GERALDIN","JGGARCIA176@MISENA.EDU.CO","CEDULA DE CIUDADANIA","CLIENTE");



/*------------------------------------------------------------INSERTANDO-OPINIONES---------------------------------------------------------------------*/

INSERT INTO OPINION (Opinion,persona_Num_Documento_per,persona_tipo_doc,Fecha) VALUES("abc","1033815398","CEDULA DE CIUDADANIA",NOW());
INSERT INTO OPINION (Opinion,persona_Num_Documento_per,persona_tipo_doc,Fecha) VALUES("DEACUERDO CON EL DE ARRIBA","1031157939","CEDULA DE CIUDADANIA",NOW());
INSERT INTO OPINION (Opinion,persona_Num_Documento_per,persona_tipo_doc,Fecha) VALUES("EL DE ARRIBA DICE LA VERDAD","1031178887","CEDULA DE CIUDADANIA",NOW());
INSERT INTO OPINION (Opinion,persona_Num_Documento_per,persona_tipo_doc,Fecha) VALUES("abcd","9900000001","CEDULA DE CIUDADANIA",NOW());

